{
  "rtime": {
    "sum": 1103.4205465316772,
    "avg": 8.620473019778728,
    "min": 7.302594184875488,
    "p10": 8.697682499885559,
    "median": 8.717804074287415,
    "p75": 8.727241039276123,
    "max": 8.742534875869751,
    "count": 128
  },
  "utime": {
    "sum": 291.313645,
    "avg": 2.2758878515625,
    "min": 1.745016,
    "p10": 2.3046990000000003,
    "median": 2.3145185,
    "p75": 2.3201275,
    "max": 2.327247,
    "count": 128
  },
  "stime": {
    "sum": 62.41435899999995,
    "avg": 0.4876121796874996,
    "min": 0.460629,
    "p10": 0.4623625,
    "median": 0.46973850000000006,
    "p75": 0.47492049999999997,
    "max": 0.729678,
    "count": 128
  },
  "cutime": {
    "sum": 1549.579805999999,
    "avg": 12.106092234374993,
    "min": 10.814152,
    "p10": 12.203802,
    "median": 12.203802,
    "p75": 12.203802,
    "max": 12.203802,
    "count": 128
  },
  "cstime": {
    "sum": 85.18736799999989,
    "avg": 0.6655263124999992,
    "min": 0.5407920000000001,
    "p10": 0.67496,
    "median": 0.67496,
    "p75": 0.67496,
    "max": 0.67496,
    "count": 128
  },
  "minor_gb": {
    "sum": 130.027892395854,
    "avg": 1.0158429093426093,
    "min": 1.0063801854848862,
    "p10": 1.0074076615273952,
    "median": 1.0116157867014408,
    "p75": 1.014260284602642,
    "max": 1.0821194052696228,
    "count": 128
  },
  "promoted_gb": {
    "sum": 7.130787909030914,
    "avg": 0.05570928053930402,
    "min": 0.05521979182958603,
    "p10": 0.05521979182958603,
    "median": 0.055267512798309326,
    "p75": 0.055269137024879456,
    "max": 0.061635762453079224,
    "count": 128
  },
  "major_gb": {
    "sum": 9.893666192889214,
    "avg": 0.07729426713194698,
    "min": 0.06858669221401215,
    "p10": 0.07790742442011833,
    "median": 0.07795628532767296,
    "p75": 0.07795862480998039,
    "max": 0.0779593288898468,
    "count": 128
  },
  "allocated_gb": {
    "sum": 132.7907706797123,
    "avg": 1.0374278959352523,
    "min": 1.0290677398443222,
    "p10": 1.0300954952836037,
    "median": 1.0343047603964806,
    "p75": 1.0369499735534191,
    "max": 1.0891100391745567,
    "count": 128
  },
  "minor_collections": {
    "sum": 36549.0,
    "avg": 285.5390625,
    "min": 283.0,
    "p10": 283.0,
    "median": 284.0,
    "p75": 285.0,
    "max": 304.0,
    "count": 128
  },
  "major_collections": {
    "sum": 1298.0,
    "avg": 10.140625,
    "min": 10.0,
    "p10": 10.0,
    "median": 10.0,
    "p75": 10.0,
    "max": 12.0,
    "count": 128
  },
  "compactions": {
    "sum": 0.0,
    "avg": 0.0,
    "min": 0.0,
    "p10": 0.0,
    "median": 0.0,
    "p75": 0.0,
    "max": 0.0,
    "count": 128
  },
  "top_heap_gb": {
    "sum": 8.147636413574219,
    "avg": 0.06365340948104858,
    "min": 0.052524566650390625,
    "p10": 0.06449508666992188,
    "median": 0.06449508666992188,
    "p75": 0.06449508666992188,
    "max": 0.06449508666992188,
    "count": 128
  },
  "stack_kb": {
    "sum": 47.0,
    "avg": 0.3671875,
    "min": 0.3671875,
    "p10": 0.3671875,
    "median": 0.3671875,
    "p75": 0.3671875,
    "max": 0.3671875,
    "count": 128
  },
  "minor_heap_kb": {
    "sum": 1048576.0,
    "avg": 8192.0,
    "min": 8192.0,
    "p10": 8192.0,
    "median": 8192.0,
    "p75": 8192.0,
    "max": 8192.0,
    "count": 128
  },
  "attributes_table": {
    "num_bindings": {
      "sum": 0.0,
      "avg": 0.0,
      "min": 0.0,
      "p10": 0.0,
      "median": 0.0,
      "p75": 0.0,
      "max": 0.0,
      "count": 128
    },
    "num_buckets": {
      "sum": 2048.0,
      "avg": 16.0,
      "min": 16.0,
      "p10": 16.0,
      "median": 16.0,
      "p75": 16.0,
      "max": 16.0,
      "count": 128
    },
    "max_bucket_length": {
      "sum": 0.0,
      "avg": 0.0,
      "min": 0.0,
      "p10": 0.0,
      "median": 0.0,
      "p75": 0.0,
      "max": 0.0,
      "count": 128
    }
  }
}