{
  "rtime": 8.719920873641968,
  "utime": 2.3157680000000003,
  "stime": 0.47009,
  "cutime": 12.203802,
  "cstime": 0.67496,
  "minor_gb": 1.0121539160609245,
  "promoted_gb": 0.055267512798309326,
  "major_gb": 0.07795663177967072,
  "allocated_gb": 1.034843035042286,
  "minor_collections": 284,
  "major_collections": 10,
  "compactions": 0,
  "top_heap_gb": 0.06449508666992188,
  "stack_kb": 0.3671875,
  "minor_heap_kb": 8192.0,
  "attributes_table": {
    "num_bindings": 0,
    "num_buckets": 16,
    "max_bucket_length": 0
  }
}