{
  "rtime": 8.711322069168091,
  "utime": 2.311403,
  "stime": 0.466051,
  "cutime": 12.203802,
  "cstime": 0.67496,
  "minor_gb": 1.0083561465144157,
  "promoted_gb": 0.055267512798309326,
  "major_gb": 0.07795560359954834,
  "allocated_gb": 1.0310442373156548,
  "minor_collections": 284,
  "major_collections": 10,
  "compactions": 0,
  "top_heap_gb": 0.06449508666992188,
  "stack_kb": 0.3671875,
  "minor_heap_kb": 8192.0,
  "attributes_table": {
    "num_bindings": 0,
    "num_buckets": 16,
    "max_bucket_length": 0
  }
}