{
  "rtime": 8.711101055145264,
  "utime": 2.311264,
  "stime": 0.46597,
  "cutime": 12.203802,
  "cstime": 0.67496,
  "minor_gb": 1.0082739442586899,
  "promoted_gb": 0.055267512798309326,
  "major_gb": 0.07795558124780655,
  "allocated_gb": 1.030962012708187,
  "minor_collections": 284,
  "major_collections": 10,
  "compactions": 0,
  "top_heap_gb": 0.06449508666992188,
  "stack_kb": 0.3671875,
  "minor_heap_kb": 8192.0,
  "attributes_table": {
    "num_bindings": 0,
    "num_buckets": 16,
    "max_bucket_length": 0
  }
}