{
  "rtime": 8.720619916915894,
  "utime": 2.316178,
  "stime": 0.47036700000000004,
  "cutime": 12.203802,
  "cstime": 0.67496,
  "minor_gb": 1.0125661715865135,
  "promoted_gb": 0.055267512798309326,
  "major_gb": 0.07795674353837967,
  "allocated_gb": 1.0352554023265839,
  "minor_collections": 284,
  "major_collections": 10,
  "compactions": 0,
  "top_heap_gb": 0.06449508666992188,
  "stack_kb": 0.3671875,
  "minor_heap_kb": 8192.0,
  "attributes_table": {
    "num_bindings": 0,
    "num_buckets": 16,
    "max_bucket_length": 0
  }
}