{
  "rtime": 8.700891017913818,
  "utime": 2.305922,
  "stime": 0.462253,
  "cutime": 12.203802,
  "cstime": 0.67496,
  "minor_gb": 1.007284715771675,
  "promoted_gb": 0.05521979182958603,
  "major_gb": 0.07790759205818176,
  "allocated_gb": 1.0299725160002708,
  "minor_collections": 283,
  "major_collections": 10,
  "compactions": 0,
  "top_heap_gb": 0.06449508666992188,
  "stack_kb": 0.3671875,
  "minor_heap_kb": 8192.0,
  "attributes_table": {
    "num_bindings": 0,
    "num_buckets": 16,
    "max_bucket_length": 0
  }
}