{
  "rtime": 8.72032904624939,
  "utime": 2.316015,
  "stime": 0.47024900000000003,
  "cutime": 12.203802,
  "cstime": 0.67496,
  "minor_gb": 1.0124013349413872,
  "promoted_gb": 0.055267512798309326,
  "major_gb": 0.07795669883489609,
  "allocated_gb": 1.035090520977974,
  "minor_collections": 284,
  "major_collections": 10,
  "compactions": 0,
  "top_heap_gb": 0.06449508666992188,
  "stack_kb": 0.3671875,
  "minor_heap_kb": 8192.0,
  "attributes_table": {
    "num_bindings": 0,
    "num_buckets": 16,
    "max_bucket_length": 0
  }
}