{
  "rtime": 7.3029890060424805,
  "utime": 1.745193,
  "stime": 0.71875,
  "cutime": 10.814152,
  "cstime": 0.5407920000000001,
  "minor_gb": 1.0758090242743492,
  "promoted_gb": 0.0615978017449379,
  "major_gb": 0.06858673691749573,
  "allocated_gb": 1.082797959446907,
  "minor_collections": 302,
  "major_collections": 12,
  "compactions": 0,
  "top_heap_gb": 0.052524566650390625,
  "stack_kb": 0.3671875,
  "minor_heap_kb": 8192.0,
  "attributes_table": {
    "num_bindings": 0,
    "num_buckets": 16,
    "max_bucket_length": 0
  }
}