{
  "rtime": 8.740427017211914,
  "utime": 2.326135,
  "stime": 0.47963900000000004,
  "cutime": 12.203802,
  "cstime": 0.67496,
  "minor_gb": 1.0155406221747398,
  "promoted_gb": 0.055269137024879456,
  "major_gb": 0.07795917242765427,
  "allocated_gb": 1.0382306575775146,
  "minor_collections": 285,
  "major_collections": 10,
  "compactions": 0,
  "top_heap_gb": 0.06449508666992188,
  "stack_kb": 0.3671875,
  "minor_heap_kb": 8192.0,
  "attributes_table": {
    "num_bindings": 0,
    "num_buckets": 16,
    "max_bucket_length": 0
  }
}