{
  "rtime": 8.710049867630005,
  "utime": 2.310635,
  "stime": 0.465563,
  "cutime": 12.203802,
  "cstime": 0.67496,
  "minor_gb": 1.0076961740851402,
  "promoted_gb": 0.055267512798309326,
  "major_gb": 0.07795542478561401,
  "allocated_gb": 1.030384086072445,
  "minor_collections": 284,
  "major_collections": 10,
  "compactions": 0,
  "top_heap_gb": 0.06449508666992188,
  "stack_kb": 0.3671875,
  "minor_heap_kb": 8192.0,
  "attributes_table": {
    "num_bindings": 0,
    "num_buckets": 16,
    "max_bucket_length": 0
  }
}