{
  "rtime": 8.741631031036377,
  "utime": 2.326714,
  "stime": 0.480123,
  "cutime": 12.203802,
  "cstime": 0.67496,
  "minor_gb": 1.015789233148098,
  "promoted_gb": 0.055269137024879456,
  "major_gb": 0.07795923948287964,
  "allocated_gb": 1.0384793356060982,
  "minor_collections": 285,
  "major_collections": 10,
  "compactions": 0,
  "top_heap_gb": 0.06449508666992188,
  "stack_kb": 0.3671875,
  "minor_heap_kb": 8192.0,
  "attributes_table": {
    "num_bindings": 0,
    "num_buckets": 16,
    "max_bucket_length": 0
  }
}