{
  "rtime": 8.726453065872192,
  "utime": 2.319759,
  "stime": 0.472362,
  "cutime": 12.203802,
  "cstime": 0.67496,
  "minor_gb": 1.0133933871984482,
  "promoted_gb": 0.055269137024879456,
  "major_gb": 0.07795859128236771,
  "allocated_gb": 1.0360828414559364,
  "minor_collections": 285,
  "major_collections": 10,
  "compactions": 0,
  "top_heap_gb": 0.06449508666992188,
  "stack_kb": 0.3671875,
  "minor_heap_kb": 8192.0,
  "attributes_table": {
    "num_bindings": 0,
    "num_buckets": 16,
    "max_bucket_length": 0
  }
}