{
  "rtime": 7.302594184875488,
  "utime": 1.745016,
  "stime": 0.718531,
  "cutime": 10.814152,
  "cstime": 0.5407920000000001,
  "minor_gb": 1.0756445080041885,
  "promoted_gb": 0.0615978017449379,
  "major_gb": 0.06858669221401215,
  "allocated_gb": 1.0826333984732628,
  "minor_collections": 302,
  "major_collections": 12,
  "compactions": 0,
  "top_heap_gb": 0.052524566650390625,
  "stack_kb": 0.3671875,
  "minor_heap_kb": 8192.0,
  "attributes_table": {
    "num_bindings": 0,
    "num_buckets": 16,
    "max_bucket_length": 0
  }
}