{
  "rtime": 8.697973012924194,
  "utime": 2.30486,
  "stime": 0.46111,
  "cutime": 12.203802,
  "cstime": 0.67496,
  "minor_gb": 1.006792426109314,
  "promoted_gb": 0.05521979182958603,
  "major_gb": 0.07790745794773102,
  "allocated_gb": 1.029480092227459,
  "minor_collections": 283,
  "major_collections": 10,
  "compactions": 0,
  "top_heap_gb": 0.06449508666992188,
  "stack_kb": 0.3671875,
  "minor_heap_kb": 8192.0,
  "attributes_table": {
    "num_bindings": 0,
    "num_buckets": 16,
    "max_bucket_length": 0
  }
}