{
  "rtime": 7.307543039321899,
  "utime": 1.7491640000000002,
  "stime": 0.71928,
  "cutime": 10.814152,
  "cstime": 0.5407920000000001,
  "minor_gb": 1.0761410892009735,
  "promoted_gb": 0.061634138226509094,
  "major_gb": 0.06862316280603409,
  "allocated_gb": 1.0831301137804985,
  "minor_collections": 303,
  "major_collections": 12,
  "compactions": 0,
  "top_heap_gb": 0.052524566650390625,
  "stack_kb": 0.3671875,
  "minor_heap_kb": 8192.0,
  "attributes_table": {
    "num_bindings": 0,
    "num_buckets": 16,
    "max_bucket_length": 0
  }
}