{
  "rtime": 8.718842029571533,
  "utime": 2.315123,
  "stime": 0.469675,
  "cutime": 12.203802,
  "cstime": 0.67496,
  "minor_gb": 1.0114918798208237,
  "promoted_gb": 0.055267512798309326,
  "major_gb": 0.07795645296573639,
  "allocated_gb": 1.0341808199882507,
  "minor_collections": 284,
  "major_collections": 10,
  "compactions": 0,
  "top_heap_gb": 0.06449508666992188,
  "stack_kb": 0.3671875,
  "minor_heap_kb": 8192.0,
  "attributes_table": {
    "num_bindings": 0,
    "num_buckets": 16,
    "max_bucket_length": 0
  }
}