{
  "rtime": 8.717982053756714,
  "utime": 2.314626,
  "stime": 0.469321,
  "cutime": 12.203802,
  "cstime": 0.67496,
  "minor_gb": 1.010997399687767,
  "promoted_gb": 0.055267512798309326,
  "major_gb": 0.07795631885528564,
  "allocated_gb": 1.0336862057447433,
  "minor_collections": 284,
  "major_collections": 10,
  "compactions": 0,
  "top_heap_gb": 0.06449508666992188,
  "stack_kb": 0.3671875,
  "minor_heap_kb": 8192.0,
  "attributes_table": {
    "num_bindings": 0,
    "num_buckets": 16,
    "max_bucket_length": 0
  }
}