{
  "rtime": {
    "sum": 239.85199093818665,
    "avg": 1.8593177592107493,
    "min": 0.44519901275634766,
    "p10": 0.5167776346206665,
    "median": 1.0542140007019043,
    "p75": 1.874556064605713,
    "max": 16.87690806388855,
    "count": 129
  },
  "utime": {
    "sum": 155.71833500000005,
    "avg": 1.2071188759689926,
    "min": 0.426599,
    "p10": 0.46975,
    "median": 0.6840930000000001,
    "p75": 1.1735309999999999,
    "max": 9.879581,
    "count": 129
  },
  "stime": {
    "sum": 7.718088999999996,
    "avg": 0.05983014728682168,
    "min": 0.00543,
    "p10": 0.013094999999999999,
    "median": 0.040353,
    "p75": 0.074,
    "max": 0.480572,
    "count": 129
  },
  "cutime": {
    "sum": 12.613517999999997,
    "avg": 0.09777920930232556,
    "min": 0.002123,
    "p10": 0.0026425,
    "median": 0.002888,
    "p75": 0.003328,
    "max": 12.203802,
    "count": 129
  },
  "cstime": {
    "sum": 1.3469770000000014,
    "avg": 0.010441682170542647,
    "min": 0.003151,
    "p10": 0.003739,
    "median": 0.004294,
    "p75": 0.006262,
    "max": 0.67496,
    "count": 129
  },
  "minor_gb": {
    "sum": 152.07974427193403,
    "avg": 1.1789127462940623,
    "min": 0.2527110353112221,
    "p10": 0.2528439275920391,
    "median": 0.31905343383550644,
    "p75": 1.0162012875080109,
    "max": 17.461791083216667,
    "count": 129
  },
  "promoted_gb": {
    "sum": 1.043358325958252,
    "avg": 0.008088049038436062,
    "min": 0.0026498138904571533,
    "p10": 0.0026498138904571533,
    "median": 0.0039760395884513855,
    "p75": 0.006600499153137207,
    "max": 0.07559434324502945,
    "count": 129
  },
  "major_gb": {
    "sum": 1.6929704025387764,
    "avg": 0.013123801570068034,
    "min": 0.002676568925380707,
    "p10": 0.002683281898498535,
    "median": 0.009362727403640747,
    "p75": 0.01228749006986618,
    "max": 0.08308899402618408,
    "count": 129
  },
  "allocated_gb": {
    "sum": 152.72935634851456,
    "avg": 1.1839484988256943,
    "min": 0.25273779034614563,
    "p10": 0.2528763748705387,
    "median": 0.32449866086244583,
    "p75": 1.03889150172472,
    "max": 17.469285733997822,
    "count": 129
  },
  "minor_collections": {
    "sum": 32197.0,
    "avg": 249.5891472868217,
    "min": 131.0,
    "p10": 131.0,
    "median": 139.0,
    "p75": 232.0,
    "max": 2333.0,
    "count": 129
  },
  "major_collections": {
    "sum": 511.0,
    "avg": 3.9612403100775193,
    "min": 2.0,
    "p10": 2.0,
    "median": 4.0,
    "p75": 4.0,
    "max": 14.0,
    "count": 129
  },
  "compactions": {
    "sum": 65.0,
    "avg": 0.5038759689922481,
    "min": 0.0,
    "p10": 0.0,
    "median": 1.0,
    "p75": 1.0,
    "max": 1.0,
    "count": 129
  },
  "top_heap_gb": {
    "sum": 1.7484703063964844,
    "avg": 0.013554033382918483,
    "min": 0.003662109375,
    "p10": 0.003662109375,
    "median": 0.0130157470703125,
    "p75": 0.0130157470703125,
    "max": 0.06449508666992188,
    "count": 129
  },
  "stack_kb": {
    "sum": 47.3671875,
    "avg": 0.3671875,
    "min": 0.3671875,
    "p10": 0.3671875,
    "median": 0.3671875,
    "p75": 0.3671875,
    "max": 0.3671875,
    "count": 129
  },
  "minor_heap_kb": {
    "sum": 1056768.0,
    "avg": 8192.0,
    "min": 8192.0,
    "p10": 8192.0,
    "median": 8192.0,
    "p75": 8192.0,
    "max": 8192.0,
    "count": 129
  },
  "attributes_table": {
    "num_bindings": {
      "sum": 2368.0,
      "avg": 18.356589147286822,
      "min": 0.0,
      "p10": 1.0,
      "median": 9.0,
      "p75": 21.0,
      "max": 263.0,
      "count": 129
    },
    "num_buckets": {
      "sum": 2864.0,
      "avg": 22.2015503875969,
      "min": 16.0,
      "p10": 16.0,
      "median": 16.0,
      "p75": 16.0,
      "max": 256.0,
      "count": 129
    },
    "max_bucket_length": {
      "sum": 315.0,
      "avg": 2.441860465116279,
      "min": 0.0,
      "p10": 1.0,
      "median": 2.0,
      "p75": 4.0,
      "max": 6.0,
      "count": 129
    }
  }
}