{
  "rtime": 1.0542140007019043,
  "utime": 0.694557,
  "stime": 0.054723999999999995,
  "cutime": 0.003922,
  "cstime": 0.007668,
  "minor_gb": 0.26634303480386734,
  "promoted_gb": 0.0037534087896347046,
  "major_gb": 0.009016357362270355,
  "allocated_gb": 0.271605983376503,
  "minor_collections": 132,
  "major_collections": 4,
  "compactions": 1,
  "top_heap_gb": 0.0130157470703125,
  "stack_kb": 0.3671875,
  "minor_heap_kb": 8192.0,
  "attributes_table": {
    "num_bindings": 2,
    "num_buckets": 16,
    "max_bucket_length": 1
  }
}