{
  "rtime": 3.7902021408081055,
  "utime": 3.050554,
  "stime": 0.06594399999999999,
  "cutime": 0.002629,
  "cstime": 0.003814,
  "minor_gb": 3.694412052631378,
  "promoted_gb": 0.036268509924411774,
  "major_gb": 0.04193025082349777,
  "allocated_gb": 3.700073793530464,
  "minor_collections": 571,
  "major_collections": 8,
  "compactions": 0,
  "top_heap_gb": 0.026187896728515625,
  "stack_kb": 0.3671875,
  "minor_heap_kb": 8192.0,
  "attributes_table": {
    "num_bindings": 17,
    "num_buckets": 16,
    "max_bucket_length": 3
  }
}