{
  "rtime": 4.408369064331055,
  "utime": 3.55665,
  "stime": 0.093248,
  "cutime": 0.002699,
  "cstime": 0.004048,
  "minor_gb": 5.176749885082245,
  "promoted_gb": 0.021499447524547577,
  "major_gb": 0.027155421674251556,
  "allocated_gb": 5.182405859231949,
  "minor_collections": 761,
  "major_collections": 6,
  "compactions": 0,
  "top_heap_gb": 0.017215728759765625,
  "stack_kb": 0.3671875,
  "minor_heap_kb": 8192.0,
  "attributes_table": {
    "num_bindings": 21,
    "num_buckets": 16,
    "max_bucket_length": 4
  }
}