{
  "rtime": 1.1210968494415283,
  "utime": 0.6372409999999999,
  "stime": 0.037291,
  "cutime": 0.003574,
  "cstime": 0.005405,
  "minor_gb": 0.25555848330259323,
  "promoted_gb": 0.0026498138904571533,
  "major_gb": 0.007898725569248199,
  "allocated_gb": 0.2608073949813843,
  "minor_collections": 131,
  "major_collections": 2,
  "compactions": 0,
  "top_heap_gb": 0.0130157470703125,
  "stack_kb": 0.3671875,
  "minor_heap_kb": 8192.0,
  "attributes_table": {
    "num_bindings": 2,
    "num_buckets": 16,
    "max_bucket_length": 1
  }
}