{
  "rtime": 0.5868520736694336,
  "utime": 0.537964,
  "stime": 0.021552,
  "cutime": 0.002948,
  "cstime": 0.004463,
  "minor_gb": 0.26150866597890854,
  "promoted_gb": 0.003748103976249695,
  "major_gb": 0.009007252752780914,
  "allocated_gb": 0.26676781475543976,
  "minor_collections": 132,
  "major_collections": 4,
  "compactions": 1,
  "top_heap_gb": 0.0130157470703125,
  "stack_kb": 0.3671875,
  "minor_heap_kb": 8192.0,
  "attributes_table": {
    "num_bindings": 2,
    "num_buckets": 16,
    "max_bucket_length": 1
  }
}