{
  "rtime": 0.472790002822876,
  "utime": 0.43825899999999995,
  "stime": 0.008174000000000001,
  "cutime": 0.002123,
  "cstime": 0.003373,
  "minor_gb": 0.25275278836488724,
  "promoted_gb": 0.002649828791618347,
  "major_gb": 0.002721540629863739,
  "allocated_gb": 0.25282450020313263,
  "minor_collections": 131,
  "major_collections": 2,
  "compactions": 0,
  "top_heap_gb": 0.003662109375,
  "stack_kb": 0.3671875,
  "minor_heap_kb": 8192.0,
  "attributes_table": {
    "num_bindings": 2,
    "num_buckets": 16,
    "max_bucket_length": 1
  }
}