{
  "rtime": 0.8597381114959717,
  "utime": 0.635763,
  "stime": 0.039041,
  "cutime": 0.004379,
  "cstime": 0.01005,
  "minor_gb": 0.25590096414089203,
  "promoted_gb": 0.0026498138904571533,
  "major_gb": 0.007902786135673523,
  "allocated_gb": 0.2611539363861084,
  "minor_collections": 131,
  "major_collections": 2,
  "compactions": 0,
  "top_heap_gb": 0.0130157470703125,
  "stack_kb": 0.3671875,
  "minor_heap_kb": 8192.0,
  "attributes_table": {
    "num_bindings": 1,
    "num_buckets": 16,
    "max_bucket_length": 1
  }
}