{
  "rtime": 0.6229891777038574,
  "utime": 0.50803,
  "stime": 0.026055000000000002,
  "cutime": 0.002755,
  "cstime": 0.004199,
  "minor_gb": 0.280061237514019,
  "promoted_gb": 0.0038132742047309875,
  "major_gb": 0.00908815860748291,
  "allocated_gb": 0.28533612191677094,
  "minor_collections": 134,
  "major_collections": 4,
  "compactions": 1,
  "top_heap_gb": 0.0130157470703125,
  "stack_kb": 0.3671875,
  "minor_heap_kb": 8192.0,
  "attributes_table": {
    "num_bindings": 5,
    "num_buckets": 16,
    "max_bucket_length": 1
  }
}