{
  "rtime": 0.9278509616851807,
  "utime": 0.6706529999999999,
  "stime": 0.040353,
  "cutime": 0.004546,
  "cstime": 0.010543,
  "minor_gb": 0.257893368601799,
  "promoted_gb": 0.0026498138904571533,
  "major_gb": 0.007903784513473511,
  "allocated_gb": 0.26314733922481537,
  "minor_collections": 131,
  "major_collections": 2,
  "compactions": 0,
  "top_heap_gb": 0.0130157470703125,
  "stack_kb": 0.3671875,
  "minor_heap_kb": 8192.0,
  "attributes_table": {
    "num_bindings": 1,
    "num_buckets": 16,
    "max_bucket_length": 1
  }
}