{
  "rtime": 1.045710802078247,
  "utime": 0.896919,
  "stime": 0.044065,
  "cutime": 0.00312,
  "cstime": 0.00488,
  "minor_gb": 0.7110828310251236,
  "promoted_gb": 0.005473077297210693,
  "major_gb": 0.01084253191947937,
  "allocated_gb": 0.7164522856473923,
  "minor_collections": 189,
  "major_collections": 4,
  "compactions": 1,
  "top_heap_gb": 0.0130157470703125,
  "stack_kb": 0.3671875,
  "minor_heap_kb": 8192.0,
  "attributes_table": {
    "num_bindings": 17,
    "num_buckets": 16,
    "max_bucket_length": 5
  }
}