{
  "rtime": 0.9237861633300781,
  "utime": 0.687075,
  "stime": 0.055896999999999995,
  "cutime": 0.003163,
  "cstime": 0.0068,
  "minor_gb": 0.2639370337128639,
  "promoted_gb": 0.0037548616528511047,
  "major_gb": 0.009013913571834564,
  "allocated_gb": 0.2691960856318474,
  "minor_collections": 132,
  "major_collections": 4,
  "compactions": 1,
  "top_heap_gb": 0.0130157470703125,
  "stack_kb": 0.3671875,
  "minor_heap_kb": 8192.0,
  "attributes_table": {
    "num_bindings": 2,
    "num_buckets": 16,
    "max_bucket_length": 1
  }
}