{
  "rtime": 1.8191819190979004,
  "utime": 1.235599,
  "stime": 0.103089,
  "cutime": 0.003637,
  "cstime": 0.007081,
  "minor_gb": 0.6896613910794258,
  "promoted_gb": 0.005400031805038452,
  "major_gb": 0.012277454137802124,
  "allocated_gb": 0.6965388134121895,
  "minor_collections": 186,
  "major_collections": 4,
  "compactions": 1,
  "top_heap_gb": 0.0130157470703125,
  "stack_kb": 0.3671875,
  "minor_heap_kb": 8192.0,
  "attributes_table": {
    "num_bindings": 26,
    "num_buckets": 16,
    "max_bucket_length": 4
  }
}