{
  "rtime": 1.0448179244995117,
  "utime": 0.939723,
  "stime": 0.03964,
  "cutime": 0.002364,
  "cstime": 0.003218,
  "minor_gb": 1.0431002750992775,
  "promoted_gb": 0.006380386650562286,
  "major_gb": 0.011767543852329254,
  "allocated_gb": 1.0484874323010445,
  "minor_collections": 232,
  "major_collections": 4,
  "compactions": 1,
  "top_heap_gb": 0.0130157470703125,
  "stack_kb": 0.3671875,
  "minor_heap_kb": 8192.0,
  "attributes_table": {
    "num_bindings": 15,
    "num_buckets": 16,
    "max_bucket_length": 2
  }
}