{
  "rtime": 0.9662230014801025,
  "utime": 0.581534,
  "stime": 0.035875,
  "cutime": 0.002676,
  "cstime": 0.003784,
  "minor_gb": 0.3137287199497223,
  "promoted_gb": 0.003950305283069611,
  "major_gb": 0.009233511984348297,
  "allocated_gb": 0.319011926651001,
  "minor_collections": 138,
  "major_collections": 4,
  "compactions": 1,
  "top_heap_gb": 0.0130157470703125,
  "stack_kb": 0.3671875,
  "minor_heap_kb": 8192.0,
  "attributes_table": {
    "num_bindings": 5,
    "num_buckets": 16,
    "max_bucket_length": 1
  }
}