{
  "rtime": 1.025650978088379,
  "utime": 0.72055,
  "stime": 0.067329,
  "cutime": 0.004565,
  "cstime": 0.008461,
  "minor_gb": 0.26148557662963867,
  "promoted_gb": 0.003774896264076233,
  "major_gb": 0.009045161306858063,
  "allocated_gb": 0.2667558416724205,
  "minor_collections": 132,
  "major_collections": 4,
  "compactions": 1,
  "top_heap_gb": 0.0130157470703125,
  "stack_kb": 0.3671875,
  "minor_heap_kb": 8192.0,
  "attributes_table": {
    "num_bindings": 12,
    "num_buckets": 16,
    "max_bucket_length": 3
  }
}