{
  "rtime": 0.4718139171600342,
  "utime": 0.44162999999999997,
  "stime": 0.007737,
  "cutime": 0.002973,
  "cstime": 0.004606,
  "minor_gb": 0.2527529150247574,
  "promoted_gb": 0.0026498138904571533,
  "major_gb": 0.0026786327362060547,
  "allocated_gb": 0.2527817338705063,
  "minor_collections": 131,
  "major_collections": 2,
  "compactions": 0,
  "top_heap_gb": 0.003662109375,
  "stack_kb": 0.3671875,
  "minor_heap_kb": 8192.0,
  "attributes_table": {
    "num_bindings": 5,
    "num_buckets": 16,
    "max_bucket_length": 1
  }
}