{
  "rtime": 1.2221269607543945,
  "utime": 0.551805,
  "stime": 0.033159,
  "cutime": 0.002671,
  "cstime": 0.003773,
  "minor_gb": 0.27169376611709595,
  "promoted_gb": 0.0037950947880744934,
  "major_gb": 0.009233005344867706,
  "allocated_gb": 0.27713167667388916,
  "minor_collections": 133,
  "major_collections": 4,
  "compactions": 1,
  "top_heap_gb": 0.0130157470703125,
  "stack_kb": 0.3671875,
  "minor_heap_kb": 8192.0,
  "attributes_table": {
    "num_bindings": 5,
    "num_buckets": 16,
    "max_bucket_length": 2
  }
}