{
  "rtime": 1.3919498920440674,
  "utime": 0.5548379999999999,
  "stime": 0.030651000000000005,
  "cutime": 0.002717,
  "cstime": 0.004136,
  "minor_gb": 0.2742191404104233,
  "promoted_gb": 0.0037983953952789307,
  "major_gb": 0.00918685644865036,
  "allocated_gb": 0.2796076014637947,
  "minor_collections": 133,
  "major_collections": 4,
  "compactions": 1,
  "top_heap_gb": 0.0130157470703125,
  "stack_kb": 0.3671875,
  "minor_heap_kb": 8192.0,
  "attributes_table": {
    "num_bindings": 3,
    "num_buckets": 16,
    "max_bucket_length": 2
  }
}