{
  "rtime": 0.7130980491638184,
  "utime": 0.5979950000000001,
  "stime": 0.020887000000000003,
  "cutime": 0.002981,
  "cstime": 0.005405,
  "minor_gb": 0.2527110353112221,
  "promoted_gb": 0.0026498138904571533,
  "major_gb": 0.002676568925380707,
  "allocated_gb": 0.25273779034614563,
  "minor_collections": 131,
  "major_collections": 2,
  "compactions": 0,
  "top_heap_gb": 0.003662109375,
  "stack_kb": 0.3671875,
  "minor_heap_kb": 8192.0,
  "attributes_table": {
    "num_bindings": 0,
    "num_buckets": 16,
    "max_bucket_length": 0
  }
}