{
  "rtime": 0.4582078456878662,
  "utime": 0.432836,
  "stime": 0.00681,
  "cutime": 0.002632,
  "cstime": 0.00365,
  "minor_gb": 0.25272347778081894,
  "promoted_gb": 0.002649828791618347,
  "major_gb": 0.0026832371950149536,
  "allocated_gb": 0.25275688618421555,
  "minor_collections": 131,
  "major_collections": 2,
  "compactions": 0,
  "top_heap_gb": 0.003662109375,
  "stack_kb": 0.3671875,
  "minor_heap_kb": 8192.0,
  "attributes_table": {
    "num_bindings": 1,
    "num_buckets": 16,
    "max_bucket_length": 1
  }
}