{
  "rtime": 1.0698931217193604,
  "utime": 0.84873,
  "stime": 0.053836,
  "cutime": 0.002766,
  "cstime": 0.004206,
  "minor_gb": 0.7051528245210648,
  "promoted_gb": 0.005426056683063507,
  "major_gb": 0.010994210839271545,
  "allocated_gb": 0.7107209786772728,
  "minor_collections": 188,
  "major_collections": 3,
  "compactions": 0,
  "top_heap_gb": 0.0130157470703125,
  "stack_kb": 0.3671875,
  "minor_heap_kb": 8192.0,
  "attributes_table": {
    "num_bindings": 29,
    "num_buckets": 16,
    "max_bucket_length": 4
  }
}