{
  "rtime": 0.5717780590057373,
  "utime": 0.535399,
  "stime": 0.024755,
  "cutime": 0.002836,
  "cstime": 0.004405,
  "minor_gb": 0.3139171898365021,
  "promoted_gb": 0.003945335745811462,
  "major_gb": 0.009228840470314026,
  "allocated_gb": 0.31920069456100464,
  "minor_collections": 138,
  "major_collections": 4,
  "compactions": 1,
  "top_heap_gb": 0.0130157470703125,
  "stack_kb": 0.3671875,
  "minor_heap_kb": 8192.0,
  "attributes_table": {
    "num_bindings": 5,
    "num_buckets": 16,
    "max_bucket_length": 1
  }
}