{
  "rtime": 6.104351997375488,
  "utime": 3.080934,
  "stime": 0.157177,
  "cutime": 0.003048,
  "cstime": 0.003905,
  "minor_gb": 2.3101905435323715,
  "promoted_gb": 0.011070288717746735,
  "major_gb": 0.016647696495056152,
  "allocated_gb": 2.315767951309681,
  "minor_collections": 394,
  "major_collections": 5,
  "compactions": 1,
  "top_heap_gb": 0.017215728759765625,
  "stack_kb": 0.3671875,
  "minor_heap_kb": 8192.0,
  "attributes_table": {
    "num_bindings": 14,
    "num_buckets": 16,
    "max_bucket_length": 3
  }
}