{
  "rtime": 0.6283068656921387,
  "utime": 0.478056,
  "stime": 0.023096000000000005,
  "cutime": 0.002756,
  "cstime": 0.003983,
  "minor_gb": 0.259491965174675,
  "promoted_gb": 0.002649828791618347,
  "major_gb": 0.007903322577476501,
  "allocated_gb": 0.26474545896053314,
  "minor_collections": 131,
  "major_collections": 2,
  "compactions": 0,
  "top_heap_gb": 0.0130157470703125,
  "stack_kb": 0.3671875,
  "minor_heap_kb": 8192.0,
  "attributes_table": {
    "num_bindings": 2,
    "num_buckets": 16,
    "max_bucket_length": 1
  }
}