{
  "rtime": 1.6235508918762207,
  "utime": 0.795729,
  "stime": 0.079587,
  "cutime": 0.005358,
  "cstime": 0.009395000000000001,
  "minor_gb": 0.27421920001506805,
  "promoted_gb": 0.003788888454437256,
  "major_gb": 0.00906786322593689,
  "allocated_gb": 0.2794981747865677,
  "minor_collections": 133,
  "major_collections": 4,
  "compactions": 1,
  "top_heap_gb": 0.0130157470703125,
  "stack_kb": 0.3671875,
  "minor_heap_kb": 8192.0,
  "attributes_table": {
    "num_bindings": 9,
    "num_buckets": 16,
    "max_bucket_length": 2
  }
}