{
  "rtime": 2.405933141708374,
  "utime": 1.778017,
  "stime": 0.098924,
  "cutime": 0.002848,
  "cstime": 0.003983,
  "minor_gb": 1.9812054932117462,
  "promoted_gb": 0.009436219930648804,
  "major_gb": 0.014988750219345093,
  "allocated_gb": 1.9867580235004425,
  "minor_collections": 352,
  "major_collections": 4,
  "compactions": 0,
  "top_heap_gb": 0.0149688720703125,
  "stack_kb": 0.3671875,
  "minor_heap_kb": 8192.0,
  "attributes_table": {
    "num_bindings": 28,
    "num_buckets": 16,
    "max_bucket_length": 4
  }
}