{
  "rtime": 1.3725719451904297,
  "utime": 0.725668,
  "stime": 0.05534,
  "cutime": 0.005335,
  "cstime": 0.009332999999999999,
  "minor_gb": 0.2951190248131752,
  "promoted_gb": 0.0038992688059806824,
  "major_gb": 0.009187601506710052,
  "allocated_gb": 0.30040735751390457,
  "minor_collections": 136,
  "major_collections": 4,
  "compactions": 1,
  "top_heap_gb": 0.0130157470703125,
  "stack_kb": 0.3671875,
  "minor_heap_kb": 8192.0,
  "attributes_table": {
    "num_bindings": 5,
    "num_buckets": 16,
    "max_bucket_length": 1
  }
}