{
  "rtime": 9.368375062942505,
  "utime": 3.595933,
  "stime": 0.131601,
  "cutime": 0.002526,
  "cstime": 0.003428,
  "minor_gb": 4.831880435347557,
  "promoted_gb": 0.02156437188386917,
  "major_gb": 0.028598159551620483,
  "allocated_gb": 4.838914223015308,
  "minor_collections": 717,
  "major_collections": 6,
  "compactions": 0,
  "top_heap_gb": 0.01979827880859375,
  "stack_kb": 0.3671875,
  "minor_heap_kb": 8192.0,
  "attributes_table": {
    "num_bindings": 22,
    "num_buckets": 16,
    "max_bucket_length": 2
  }
}