{
  "rtime": 0.6461830139160156,
  "utime": 0.587032,
  "stime": 0.029768,
  "cutime": 0.002799,
  "cstime": 0.004418,
  "minor_gb": 0.329463928937912,
  "promoted_gb": 0.004040777683258057,
  "major_gb": 0.009636662900447845,
  "allocated_gb": 0.3350598141551018,
  "minor_collections": 140,
  "major_collections": 4,
  "compactions": 1,
  "top_heap_gb": 0.0130157470703125,
  "stack_kb": 0.3671875,
  "minor_heap_kb": 8192.0,
  "attributes_table": {
    "num_bindings": 21,
    "num_buckets": 16,
    "max_bucket_length": 4
  }
}