{
  "rtime": 1.874556064605713,
  "utime": 1.548428,
  "stime": 0.081997,
  "cutime": 0.002846,
  "cstime": 0.004425,
  "minor_gb": 1.8027637302875519,
  "promoted_gb": 0.010369136929512024,
  "major_gb": 0.017317742109298706,
  "allocated_gb": 1.8097123354673386,
  "minor_collections": 329,
  "major_collections": 4,
  "compactions": 0,
  "top_heap_gb": 0.017215728759765625,
  "stack_kb": 0.3671875,
  "minor_heap_kb": 8192.0,
  "attributes_table": {
    "num_bindings": 69,
    "num_buckets": 64,
    "max_bucket_length": 5
  }
}