{
  "rtime": 0.842540979385376,
  "utime": 0.622737,
  "stime": 0.035096,
  "cutime": 0.00422,
  "cstime": 0.008580000000000001,
  "minor_gb": 0.2570546567440033,
  "promoted_gb": 0.0026498138904571533,
  "major_gb": 0.00790221244096756,
  "allocated_gb": 0.2623070552945137,
  "minor_collections": 131,
  "major_collections": 2,
  "compactions": 0,
  "top_heap_gb": 0.0130157470703125,
  "stack_kb": 0.3671875,
  "minor_heap_kb": 8192.0,
  "attributes_table": {
    "num_bindings": 2,
    "num_buckets": 16,
    "max_bucket_length": 1
  }
}