{
  "rtime": 3.431324005126953,
  "utime": 2.737191,
  "stime": 0.060604000000000005,
  "cutime": 0.002759,
  "cstime": 0.003829,
  "minor_gb": 3.3825470209121704,
  "promoted_gb": 0.03306804597377777,
  "major_gb": 0.0386011078953743,
  "allocated_gb": 3.388080082833767,
  "minor_collections": 531,
  "major_collections": 8,
  "compactions": 0,
  "top_heap_gb": 0.026187896728515625,
  "stack_kb": 0.3671875,
  "minor_heap_kb": 8192.0,
  "attributes_table": {
    "num_bindings": 14,
    "num_buckets": 16,
    "max_bucket_length": 3
  }
}