{
  "rtime": 0.716392993927002,
  "utime": 0.663737,
  "stime": 0.029785,
  "cutime": 0.003795,
  "cstime": 0.006155,
  "minor_gb": 0.5182685479521751,
  "promoted_gb": 0.004748530685901642,
  "major_gb": 0.01011791080236435,
  "allocated_gb": 0.5236379280686378,
  "minor_collections": 165,
  "major_collections": 4,
  "compactions": 1,
  "top_heap_gb": 0.0130157470703125,
  "stack_kb": 0.3671875,
  "minor_heap_kb": 8192.0,
  "attributes_table": {
    "num_bindings": 14,
    "num_buckets": 16,
    "max_bucket_length": 3
  }
}