{
  "rtime": 1.2060048580169678,
  "utime": 1.065953,
  "stime": 0.06483,
  "cutime": 0.002945,
  "cstime": 0.00419,
  "minor_gb": 0.9614813476800919,
  "promoted_gb": 0.006600499153137207,
  "major_gb": 0.012789219617843628,
  "allocated_gb": 0.9676700681447983,
  "minor_collections": 221,
  "major_collections": 4,
  "compactions": 1,
  "top_heap_gb": 0.0130157470703125,
  "stack_kb": 0.3671875,
  "minor_heap_kb": 8192.0,
  "attributes_table": {
    "num_bindings": 50,
    "num_buckets": 32,
    "max_bucket_length": 6
  }
}