{
  "rtime": 0.6057860851287842,
  "utime": 0.48717699999999997,
  "stime": 0.009394999999999999,
  "cutime": 0.002677,
  "cstime": 0.00397,
  "minor_gb": 0.25271111726760864,
  "promoted_gb": 0.0026498138904571533,
  "major_gb": 0.002676568925380707,
  "allocated_gb": 0.2527378723025322,
  "minor_collections": 131,
  "major_collections": 2,
  "compactions": 0,
  "top_heap_gb": 0.003662109375,
  "stack_kb": 0.3671875,
  "minor_heap_kb": 8192.0,
  "attributes_table": {
    "num_bindings": 0,
    "num_buckets": 16,
    "max_bucket_length": 0
  }
}