{
  "rtime": 0.8962299823760986,
  "utime": 0.7890999999999999,
  "stime": 0.049475000000000005,
  "cutime": 0.002793,
  "cstime": 0.004294,
  "minor_gb": 0.703649066388607,
  "promoted_gb": 0.005320489406585693,
  "major_gb": 0.010821953415870667,
  "allocated_gb": 0.709150530397892,
  "minor_collections": 188,
  "major_collections": 3,
  "compactions": 0,
  "top_heap_gb": 0.0130157470703125,
  "stack_kb": 0.3671875,
  "minor_heap_kb": 8192.0,
  "attributes_table": {
    "num_bindings": 24,
    "num_buckets": 16,
    "max_bucket_length": 3
  }
}