{
  "rtime": 1.6161150932312012,
  "utime": 0.54592,
  "stime": 0.028248000000000002,
  "cutime": 0.002698,
  "cstime": 0.004036,
  "minor_gb": 0.2559342533349991,
  "promoted_gb": 0.002649828791618347,
  "major_gb": 0.008052274584770203,
  "allocated_gb": 0.26133669912815094,
  "minor_collections": 131,
  "major_collections": 2,
  "compactions": 0,
  "top_heap_gb": 0.0130157470703125,
  "stack_kb": 0.3671875,
  "minor_heap_kb": 8192.0,
  "attributes_table": {
    "num_bindings": 3,
    "num_buckets": 16,
    "max_bucket_length": 1
  }
}