{
  "rtime": 0.45235180854797363,
  "utime": 0.426599,
  "stime": 0.009288999999999999,
  "cutime": 0.002684,
  "cstime": 0.003989,
  "minor_gb": 0.25276365876197815,
  "promoted_gb": 0.0026498138904571533,
  "major_gb": 0.00267907977104187,
  "allocated_gb": 0.25279292464256287,
  "minor_collections": 131,
  "major_collections": 2,
  "compactions": 0,
  "top_heap_gb": 0.003662109375,
  "stack_kb": 0.3671875,
  "minor_heap_kb": 8192.0,
  "attributes_table": {
    "num_bindings": 6,
    "num_buckets": 16,
    "max_bucket_length": 2
  }
}