{
  "rtime": 0.7609400749206543,
  "utime": 0.607738,
  "stime": 0.037207000000000004,
  "cutime": 0.003334,
  "cstime": 0.006896,
  "minor_gb": 0.25589995086193085,
  "promoted_gb": 0.0026498138904571533,
  "major_gb": 0.007902748882770538,
  "allocated_gb": 0.26115288585424423,
  "minor_collections": 131,
  "major_collections": 2,
  "compactions": 0,
  "top_heap_gb": 0.0130157470703125,
  "stack_kb": 0.3671875,
  "minor_heap_kb": 8192.0,
  "attributes_table": {
    "num_bindings": 1,
    "num_buckets": 16,
    "max_bucket_length": 1
  }
}