{
  "rtime": 1.246077060699463,
  "utime": 0.855321,
  "stime": 0.07727199999999999,
  "cutime": 0.004349,
  "cstime": 0.008135,
  "minor_gb": 0.3390593081712723,
  "promoted_gb": 0.004152573645114899,
  "major_gb": 0.009707182645797729,
  "allocated_gb": 0.3446139171719551,
  "minor_collections": 142,
  "major_collections": 3,
  "compactions": 0,
  "top_heap_gb": 0.0130157470703125,
  "stack_kb": 0.3671875,
  "minor_heap_kb": 8192.0,
  "attributes_table": {
    "num_bindings": 10,
    "num_buckets": 16,
    "max_bucket_length": 2
  }
}