{
  "rtime": 0.6233291625976562,
  "utime": 0.560311,
  "stime": 0.033406,
  "cutime": 0.002698,
  "cstime": 0.003702,
  "minor_gb": 0.27146994322538376,
  "promoted_gb": 0.0038413703441619873,
  "major_gb": 0.009172916412353516,
  "allocated_gb": 0.2768014892935753,
  "minor_collections": 133,
  "major_collections": 4,
  "compactions": 1,
  "top_heap_gb": 0.0130157470703125,
  "stack_kb": 0.3671875,
  "minor_heap_kb": 8192.0,
  "attributes_table": {
    "num_bindings": 33,
    "num_buckets": 32,
    "max_bucket_length": 5
  }
}