{
  "rtime": 0.4470658302307129,
  "utime": 0.429133,
  "stime": 0.00543,
  "cutime": 0.002721,
  "cstime": 0.003903,
  "minor_gb": 0.2527237981557846,
  "promoted_gb": 0.002649828791618347,
  "major_gb": 0.00268583744764328,
  "allocated_gb": 0.25275980681180954,
  "minor_collections": 131,
  "major_collections": 2,
  "compactions": 0,
  "top_heap_gb": 0.003662109375,
  "stack_kb": 0.3671875,
  "minor_heap_kb": 8192.0,
  "attributes_table": {
    "num_bindings": 1,
    "num_buckets": 16,
    "max_bucket_length": 1
  }
}