{
  "rtime": 5.4686360359191895,
  "utime": 3.957917,
  "stime": 0.11951999999999999,
  "cutime": 0.004321,
  "cstime": 0.008592000000000001,
  "minor_gb": 5.586224116384983,
  "promoted_gb": 0.021739371120929718,
  "major_gb": 0.027698367834091187,
  "allocated_gb": 5.5921831130981445,
  "minor_collections": 813,
  "major_collections": 6,
  "compactions": 0,
  "top_heap_gb": 0.017215728759765625,
  "stack_kb": 0.3671875,
  "minor_heap_kb": 8192.0,
  "attributes_table": {
    "num_bindings": 48,
    "num_buckets": 32,
    "max_bucket_length": 4
  }
}