{
  "rtime": 16.87690806388855,
  "utime": 9.879581,
  "stime": 0.255345,
  "cutime": 0.002835,
  "cstime": 0.004442,
  "minor_gb": 17.461791083216667,
  "promoted_gb": 0.07559434324502945,
  "major_gb": 0.08308899402618408,
  "allocated_gb": 17.469285733997822,
  "minor_collections": 2333,
  "major_collections": 14,
  "compactions": 0,
  "top_heap_gb": 0.026187896728515625,
  "stack_kb": 0.3671875,
  "minor_heap_kb": 8192.0,
  "attributes_table": {
    "num_bindings": 96,
    "num_buckets": 64,
    "max_bucket_length": 6
  }
}