{
  "rtime": 2.191570997238159,
  "utime": 1.161154,
  "stime": 0.045862999999999994,
  "cutime": 0.00278,
  "cstime": 0.004253,
  "minor_gb": 1.451795719563961,
  "promoted_gb": 0.007653236389160156,
  "major_gb": 0.013745948672294617,
  "allocated_gb": 1.4578884318470955,
  "minor_collections": 284,
  "major_collections": 4,
  "compactions": 0,
  "top_heap_gb": 0.0130157470703125,
  "stack_kb": 0.3671875,
  "minor_heap_kb": 8192.0,
  "attributes_table": {
    "num_bindings": 15,
    "num_buckets": 16,
    "max_bucket_length": 4
  }
}