{
  "rtime": 0.6600780487060547,
  "utime": 0.566262,
  "stime": 0.023846,
  "cutime": 0.002832,
  "cstime": 0.004259,
  "minor_gb": 0.2746243104338646,
  "promoted_gb": 0.003792792558670044,
  "major_gb": 0.009157106280326843,
  "allocated_gb": 0.2799886241555214,
  "minor_collections": 133,
  "major_collections": 4,
  "compactions": 1,
  "top_heap_gb": 0.0130157470703125,
  "stack_kb": 0.3671875,
  "minor_heap_kb": 8192.0,
  "attributes_table": {
    "num_bindings": 3,
    "num_buckets": 16,
    "max_bucket_length": 1
  }
}