{
  "rtime": 0.496567964553833,
  "utime": 0.45739799999999997,
  "stime": 0.010091000000000001,
  "cutime": 0.002621,
  "cstime": 0.003705,
  "minor_gb": 0.2527545839548111,
  "promoted_gb": 0.0026498138904571533,
  "major_gb": 0.0026787221431732178,
  "allocated_gb": 0.25278349220752716,
  "minor_collections": 131,
  "major_collections": 2,
  "compactions": 0,
  "top_heap_gb": 0.003662109375,
  "stack_kb": 0.3671875,
  "minor_heap_kb": 8192.0,
  "attributes_table": {
    "num_bindings": 5,
    "num_buckets": 16,
    "max_bucket_length": 1
  }
}