{
  "rtime": 0.7201919555664062,
  "utime": 0.6056279999999999,
  "stime": 0.032963,
  "cutime": 0.003062,
  "cstime": 0.004491,
  "minor_gb": 0.31905343383550644,
  "promoted_gb": 0.0039760395884513855,
  "major_gb": 0.009421266615390778,
  "allocated_gb": 0.32449866086244583,
  "minor_collections": 139,
  "major_collections": 4,
  "compactions": 1,
  "top_heap_gb": 0.0130157470703125,
  "stack_kb": 0.3671875,
  "minor_heap_kb": 8192.0,
  "attributes_table": {
    "num_bindings": 13,
    "num_buckets": 16,
    "max_bucket_length": 3
  }
}