{
  "rtime": 0.44519901275634766,
  "utime": 0.429851,
  "stime": 0.006313000000000001,
  "cutime": 0.002748,
  "cstime": 0.004427,
  "minor_gb": 0.25271110981702805,
  "promoted_gb": 0.002649828791618347,
  "major_gb": 0.0026765838265419006,
  "allocated_gb": 0.2527378648519516,
  "minor_collections": 131,
  "major_collections": 2,
  "compactions": 0,
  "top_heap_gb": 0.003662109375,
  "stack_kb": 0.3671875,
  "minor_heap_kb": 8192.0,
  "attributes_table": {
    "num_bindings": 0,
    "num_buckets": 16,
    "max_bucket_length": 0
  }
}