{
  "rtime": 0.5510480403900146,
  "utime": 0.508338,
  "stime": 0.019831,
  "cutime": 0.002655,
  "cstime": 0.003814,
  "minor_gb": 0.26433902978897095,
  "promoted_gb": 0.0037555992603302,
  "major_gb": 0.009025141596794128,
  "allocated_gb": 0.2696085721254349,
  "minor_collections": 132,
  "major_collections": 4,
  "compactions": 1,
  "top_heap_gb": 0.0130157470703125,
  "stack_kb": 0.3671875,
  "minor_heap_kb": 8192.0,
  "attributes_table": {
    "num_bindings": 4,
    "num_buckets": 16,
    "max_bucket_length": 1
  }
}