{
  "rtime": 1.329568862915039,
  "utime": 0.8638520000000001,
  "stime": 0.045278,
  "cutime": 0.002932,
  "cstime": 0.004086,
  "minor_gb": 0.6645041927695274,
  "promoted_gb": 0.005384601652622223,
  "major_gb": 0.010693199932575226,
  "allocated_gb": 0.6698127910494804,
  "minor_collections": 183,
  "major_collections": 4,
  "compactions": 1,
  "top_heap_gb": 0.0130157470703125,
  "stack_kb": 0.3671875,
  "minor_heap_kb": 8192.0,
  "attributes_table": {
    "num_bindings": 3,
    "num_buckets": 16,
    "max_bucket_length": 1
  }
}