{
  "rtime": 1.2451610565185547,
  "utime": 1.0744719999999999,
  "stime": 0.045731,
  "cutime": 0.003268,
  "cstime": 0.00569,
  "minor_gb": 1.0076220259070396,
  "promoted_gb": 0.006861932575702667,
  "major_gb": 0.01228749006986618,
  "allocated_gb": 1.0130475834012032,
  "minor_collections": 227,
  "major_collections": 4,
  "compactions": 1,
  "top_heap_gb": 0.0130157470703125,
  "stack_kb": 0.3671875,
  "minor_heap_kb": 8192.0,
  "attributes_table": {
    "num_bindings": 10,
    "num_buckets": 16,
    "max_bucket_length": 1
  }
}