{
  "rtime": 0.8496899604797363,
  "utime": 0.6708679999999999,
  "stime": 0.046165,
  "cutime": 0.00315,
  "cstime": 0.004402,
  "minor_gb": 0.25715670734643936,
  "promoted_gb": 0.0026498138904571533,
  "major_gb": 0.007908463478088379,
  "allocated_gb": 0.2624153569340706,
  "minor_collections": 131,
  "major_collections": 2,
  "compactions": 0,
  "top_heap_gb": 0.0130157470703125,
  "stack_kb": 0.3671875,
  "minor_heap_kb": 8192.0,
  "attributes_table": {
    "num_bindings": 6,
    "num_buckets": 16,
    "max_bucket_length": 2
  }
}