{
  "rtime": 1.2997300624847412,
  "utime": 0.893579,
  "stime": 0.072163,
  "cutime": 0.005078,
  "cstime": 0.009098999999999999,
  "minor_gb": 0.47545474767684937,
  "promoted_gb": 0.0044357627630233765,
  "major_gb": 0.009743906557559967,
  "allocated_gb": 0.48076289147138596,
  "minor_collections": 159,
  "major_collections": 4,
  "compactions": 1,
  "top_heap_gb": 0.0130157470703125,
  "stack_kb": 0.3671875,
  "minor_heap_kb": 8192.0,
  "attributes_table": {
    "num_bindings": 8,
    "num_buckets": 16,
    "max_bucket_length": 4
  }
}