{
  "rtime": 2.1570751667022705,
  "utime": 1.809542,
  "stime": 0.08296000000000001,
  "cutime": 0.002864,
  "cstime": 0.004374,
  "minor_gb": 2.154792331159115,
  "promoted_gb": 0.009969830513000488,
  "major_gb": 0.015787668526172638,
  "allocated_gb": 2.160610169172287,
  "minor_collections": 374,
  "major_collections": 5,
  "compactions": 1,
  "top_heap_gb": 0.0149688720703125,
  "stack_kb": 0.3671875,
  "minor_heap_kb": 8192.0,
  "attributes_table": {
    "num_bindings": 29,
    "num_buckets": 16,
    "max_bucket_length": 4
  }
}