{
  "rtime": 1.0613889694213867,
  "utime": 0.931843,
  "stime": 0.040301000000000003,
  "cutime": 0.002874,
  "cstime": 0.004301,
  "minor_gb": 0.901691660284996,
  "promoted_gb": 0.006393440067768097,
  "major_gb": 0.012080445885658264,
  "allocated_gb": 0.9073786661028862,
  "minor_collections": 214,
  "major_collections": 4,
  "compactions": 1,
  "top_heap_gb": 0.0130157470703125,
  "stack_kb": 0.3671875,
  "minor_heap_kb": 8192.0,
  "attributes_table": {
    "num_bindings": 26,
    "num_buckets": 16,
    "max_bucket_length": 4
  }
}