{
  "rtime": 0.7078959941864014,
  "utime": 0.528555,
  "stime": 0.028127000000000003,
  "cutime": 0.002676,
  "cstime": 0.003993,
  "minor_gb": 0.26475512236356735,
  "promoted_gb": 0.003744080662727356,
  "major_gb": 0.009060271084308624,
  "allocated_gb": 0.2700713127851486,
  "minor_collections": 132,
  "major_collections": 4,
  "compactions": 1,
  "top_heap_gb": 0.0130157470703125,
  "stack_kb": 0.3671875,
  "minor_heap_kb": 8192.0,
  "attributes_table": {
    "num_bindings": 4,
    "num_buckets": 16,
    "max_bucket_length": 1
  }
}