{
  "rtime": 2.1058168411254883,
  "utime": 1.365305,
  "stime": 0.137991,
  "cutime": 0.006066,
  "cstime": 0.010283,
  "minor_gb": 0.7572200298309326,
  "promoted_gb": 0.00568021833896637,
  "major_gb": 0.011187523603439331,
  "allocated_gb": 0.7627273350954056,
  "minor_collections": 195,
  "major_collections": 3,
  "compactions": 0,
  "top_heap_gb": 0.0130157470703125,
  "stack_kb": 0.3671875,
  "minor_heap_kb": 8192.0,
  "attributes_table": {
    "num_bindings": 35,
    "num_buckets": 32,
    "max_bucket_length": 4
  }
}