{
  "rtime": 0.5882208347320557,
  "utime": 0.5399080000000001,
  "stime": 0.026445000000000003,
  "cutime": 0.00263,
  "cstime": 0.003811,
  "minor_gb": 0.26489270478487015,
  "promoted_gb": 0.0037649646401405334,
  "major_gb": 0.009044580161571503,
  "allocated_gb": 0.2701723203063011,
  "minor_collections": 132,
  "major_collections": 4,
  "compactions": 1,
  "top_heap_gb": 0.0130157470703125,
  "stack_kb": 0.3671875,
  "minor_heap_kb": 8192.0,
  "attributes_table": {
    "num_bindings": 10,
    "num_buckets": 16,
    "max_bucket_length": 2
  }
}