{
  "rtime": 0.6241140365600586,
  "utime": 0.5692940000000001,
  "stime": 0.024869,
  "cutime": 0.003947,
  "cstime": 0.006673,
  "minor_gb": 0.33633436262607574,
  "promoted_gb": 0.004009634256362915,
  "major_gb": 0.009337961673736572,
  "allocated_gb": 0.3416626900434494,
  "minor_collections": 141,
  "major_collections": 4,
  "compactions": 1,
  "top_heap_gb": 0.0130157470703125,
  "stack_kb": 0.3671875,
  "minor_heap_kb": 8192.0,
  "attributes_table": {
    "num_bindings": 8,
    "num_buckets": 16,
    "max_bucket_length": 2
  }
}