{
  "rtime": 0.5691609382629395,
  "utime": 0.5290379999999999,
  "stime": 0.023381,
  "cutime": 0.002955,
  "cstime": 0.004397,
  "minor_gb": 0.27504248917102814,
  "promoted_gb": 0.003775179386138916,
  "major_gb": 0.009052418172359467,
  "allocated_gb": 0.2803197279572487,
  "minor_collections": 133,
  "major_collections": 4,
  "compactions": 1,
  "top_heap_gb": 0.0130157470703125,
  "stack_kb": 0.3671875,
  "minor_heap_kb": 8192.0,
  "attributes_table": {
    "num_bindings": 4,
    "num_buckets": 16,
    "max_bucket_length": 2
  }
}