{
  "rtime": 1.4195070266723633,
  "utime": 0.542141,
  "stime": 0.035990999999999995,
  "cutime": 0.002715,
  "cstime": 0.004058,
  "minor_gb": 0.29135914891958237,
  "promoted_gb": 0.0038384422659873962,
  "major_gb": 0.009106643497943878,
  "allocated_gb": 0.29662735015153885,
  "minor_collections": 135,
  "major_collections": 4,
  "compactions": 1,
  "top_heap_gb": 0.0130157470703125,
  "stack_kb": 0.3671875,
  "minor_heap_kb": 8192.0,
  "attributes_table": {
    "num_bindings": 2,
    "num_buckets": 16,
    "max_bucket_length": 2
  }
}