{
  "rtime": 0.4993889331817627,
  "utime": 0.46768400000000004,
  "stime": 0.013203999999999999,
  "cutime": 0.002591,
  "cstime": 0.003371,
  "minor_gb": 0.2548767104744911,
  "promoted_gb": 0.0026498138904571533,
  "major_gb": 0.007895283401012421,
  "allocated_gb": 0.2601221799850464,
  "minor_collections": 131,
  "major_collections": 2,
  "compactions": 0,
  "top_heap_gb": 0.0130157470703125,
  "stack_kb": 0.3671875,
  "minor_heap_kb": 8192.0,
  "attributes_table": {
    "num_bindings": 1,
    "num_buckets": 16,
    "max_bucket_length": 1
  }
}