{
  "rtime": 3.0582339763641357,
  "utime": 1.5820690000000002,
  "stime": 0.060347000000000005,
  "cutime": 0.002503,
  "cstime": 0.003371,
  "minor_gb": 2.0060646310448647,
  "promoted_gb": 0.010556921362876892,
  "major_gb": 0.016166768968105316,
  "allocated_gb": 2.011674478650093,
  "minor_collections": 355,
  "major_collections": 4,
  "compactions": 0,
  "top_heap_gb": 0.0149688720703125,
  "stack_kb": 0.3671875,
  "minor_heap_kb": 8192.0,
  "attributes_table": {
    "num_bindings": 24,
    "num_buckets": 16,
    "max_bucket_length": 4
  }
}