{
  "rtime": 0.8300039768218994,
  "utime": 0.45120899999999997,
  "stime": 0.012986,
  "cutime": 0.002949,
  "cstime": 0.004856,
  "minor_gb": 0.2528437077999115,
  "promoted_gb": 0.0026498138904571533,
  "major_gb": 0.0026822611689567566,
  "allocated_gb": 0.2528761550784111,
  "minor_collections": 131,
  "major_collections": 2,
  "compactions": 0,
  "top_heap_gb": 0.003662109375,
  "stack_kb": 0.3671875,
  "minor_heap_kb": 8192.0,
  "attributes_table": {
    "num_bindings": 14,
    "num_buckets": 16,
    "max_bucket_length": 2
  }
}