{
  "rtime": 0.532750129699707,
  "utime": 0.47198999999999997,
  "stime": 0.013935,
  "cutime": 0.002771,
  "cstime": 0.004159,
  "minor_gb": 0.25762800872325897,
  "promoted_gb": 0.0026498138904571533,
  "major_gb": 0.007921740412712097,
  "allocated_gb": 0.2628999352455139,
  "minor_collections": 131,
  "major_collections": 2,
  "compactions": 0,
  "top_heap_gb": 0.0130157470703125,
  "stack_kb": 0.3671875,
  "minor_heap_kb": 8192.0,
  "attributes_table": {
    "num_bindings": 5,
    "num_buckets": 16,
    "max_bucket_length": 1
  }
}