{
  "rtime": 3.8244872093200684,
  "utime": 2.419667,
  "stime": 0.163295,
  "cutime": 0.004558,
  "cstime": 0.009891,
  "minor_gb": 1.802785836160183,
  "promoted_gb": 0.009492062032222748,
  "major_gb": 0.015499770641326904,
  "allocated_gb": 1.808793544769287,
  "minor_collections": 329,
  "major_collections": 4,
  "compactions": 0,
  "top_heap_gb": 0.0149688720703125,
  "stack_kb": 0.3671875,
  "minor_heap_kb": 8192.0,
  "attributes_table": {
    "num_bindings": 45,
    "num_buckets": 32,
    "max_bucket_length": 4
  }
}