{
  "rtime": 2.945664882659912,
  "utime": 2.59209,
  "stime": 0.060969,
  "cutime": 0.002831,
  "cstime": 0.004266,
  "minor_gb": 3.4014783054590225,
  "promoted_gb": 0.03319564461708069,
  "major_gb": 0.03872879594564438,
  "allocated_gb": 3.407011456787586,
  "minor_collections": 534,
  "major_collections": 8,
  "compactions": 0,
  "top_heap_gb": 0.026187896728515625,
  "stack_kb": 0.3671875,
  "minor_heap_kb": 8192.0,
  "attributes_table": {
    "num_bindings": 14,
    "num_buckets": 16,
    "max_bucket_length": 2
  }
}