{
  "rtime": 3.4110660552978516,
  "utime": 2.675834,
  "stime": 0.074,
  "cutime": 0.002685,
  "cstime": 0.003997,
  "minor_gb": 3.40147814899683,
  "promoted_gb": 0.03318333625793457,
  "major_gb": 0.03871636092662811,
  "allocated_gb": 3.4070111736655235,
  "minor_collections": 534,
  "major_collections": 8,
  "compactions": 0,
  "top_heap_gb": 0.026187896728515625,
  "stack_kb": 0.3671875,
  "minor_heap_kb": 8192.0,
  "attributes_table": {
    "num_bindings": 14,
    "num_buckets": 16,
    "max_bucket_length": 4
  }
}