{
  "rtime": 0.8720128536224365,
  "utime": 0.475497,
  "stime": 0.021536,
  "cutime": 0.002642,
  "cstime": 0.003889,
  "minor_gb": 0.2560933977365494,
  "promoted_gb": 0.002649828791618347,
  "major_gb": 0.007900223135948181,
  "allocated_gb": 0.2613437920808792,
  "minor_collections": 131,
  "major_collections": 2,
  "compactions": 0,
  "top_heap_gb": 0.0130157470703125,
  "stack_kb": 0.3671875,
  "minor_heap_kb": 8192.0,
  "attributes_table": {
    "num_bindings": 3,
    "num_buckets": 16,
    "max_bucket_length": 1
  }
}