{
  "rtime": 0.767894983291626,
  "utime": 0.678914,
  "stime": 0.039862,
  "cutime": 0.002772,
  "cstime": 0.003974,
  "minor_gb": 0.5145565494894981,
  "promoted_gb": 0.0048689693212509155,
  "major_gb": 0.011063612997531891,
  "allocated_gb": 0.5207511931657791,
  "minor_collections": 164,
  "major_collections": 4,
  "compactions": 1,
  "top_heap_gb": 0.0130157470703125,
  "stack_kb": 0.3671875,
  "minor_heap_kb": 8192.0,
  "attributes_table": {
    "num_bindings": 39,
    "num_buckets": 32,
    "max_bucket_length": 4
  }
}