{
  "rtime": 0.500805139541626,
  "utime": 0.471816,
  "stime": 0.017013,
  "cutime": 0.002709,
  "cstime": 0.00383,
  "minor_gb": 0.2595662847161293,
  "promoted_gb": 0.0026498138904571533,
  "major_gb": 0.007906824350357056,
  "allocated_gb": 0.2648232951760292,
  "minor_collections": 131,
  "major_collections": 2,
  "compactions": 0,
  "top_heap_gb": 0.0130157470703125,
  "stack_kb": 0.3671875,
  "minor_heap_kb": 8192.0,
  "attributes_table": {
    "num_bindings": 2,
    "num_buckets": 16,
    "max_bucket_length": 1
  }
}