{
  "rtime": 0.6176371574401855,
  "utime": 0.5650500000000001,
  "stime": 0.031370999999999996,
  "cutime": 0.003411,
  "cstime": 0.006088,
  "minor_gb": 0.2685258015990257,
  "promoted_gb": 0.0037987157702445984,
  "major_gb": 0.009108990430831909,
  "allocated_gb": 0.27383607625961304,
  "minor_collections": 133,
  "major_collections": 4,
  "compactions": 1,
  "top_heap_gb": 0.0130157470703125,
  "stack_kb": 0.3671875,
  "minor_heap_kb": 8192.0,
  "attributes_table": {
    "num_bindings": 4,
    "num_buckets": 16,
    "max_bucket_length": 1
  }
}