{
  "rtime": 0.5828680992126465,
  "utime": 0.5373669999999999,
  "stime": 0.025526,
  "cutime": 0.002817,
  "cstime": 0.00411,
  "minor_gb": 0.3043377175927162,
  "promoted_gb": 0.003922723233699799,
  "major_gb": 0.009229011833667755,
  "allocated_gb": 0.3096440061926842,
  "minor_collections": 137,
  "major_collections": 4,
  "compactions": 1,
  "top_heap_gb": 0.0130157470703125,
  "stack_kb": 0.3671875,
  "minor_heap_kb": 8192.0,
  "attributes_table": {
    "num_bindings": 4,
    "num_buckets": 16,
    "max_bucket_length": 2
  }
}