{
  "rtime": 4.279508113861084,
  "utime": 3.1255240000000004,
  "stime": 0.08020099999999999,
  "cutime": 0.002786,
  "cstime": 0.00417,
  "minor_gb": 3.7327839583158493,
  "promoted_gb": 0.03662288933992386,
  "major_gb": 0.04224605858325958,
  "allocated_gb": 3.738407127559185,
  "minor_collections": 576,
  "major_collections": 8,
  "compactions": 0,
  "top_heap_gb": 0.026187896728515625,
  "stack_kb": 0.3671875,
  "minor_heap_kb": 8192.0,
  "attributes_table": {
    "num_bindings": 14,
    "num_buckets": 16,
    "max_bucket_length": 2
  }
}