{
  "rtime": 0.4998641014099121,
  "utime": 0.43963599999999997,
  "stime": 0.010724000000000001,
  "cutime": 0.00295,
  "cstime": 0.004585,
  "minor_gb": 0.2528441473841667,
  "promoted_gb": 0.0026498138904571533,
  "major_gb": 0.0026822611689567566,
  "allocated_gb": 0.2528765946626663,
  "minor_collections": 131,
  "major_collections": 2,
  "compactions": 0,
  "top_heap_gb": 0.003662109375,
  "stack_kb": 0.3671875,
  "minor_heap_kb": 8192.0,
  "attributes_table": {
    "num_bindings": 14,
    "num_buckets": 16,
    "max_bucket_length": 3
  }
}