{
  "rtime": 1.4240660667419434,
  "utime": 0.82994,
  "stime": 0.06425700000000001,
  "cutime": 0.005434,
  "cstime": 0.009528999999999999,
  "minor_gb": 0.35949861258268356,
  "promoted_gb": 0.004181519150733948,
  "major_gb": 0.009554922580718994,
  "allocated_gb": 0.3648720160126686,
  "minor_collections": 144,
  "major_collections": 4,
  "compactions": 1,
  "top_heap_gb": 0.0130157470703125,
  "stack_kb": 0.3671875,
  "minor_heap_kb": 8192.0,
  "attributes_table": {
    "num_bindings": 12,
    "num_buckets": 16,
    "max_bucket_length": 3
  }
}