{
  "rtime": 1.5405490398406982,
  "utime": 0.666978,
  "stime": 0.038803,
  "cutime": 0.005354,
  "cstime": 0.010541,
  "minor_gb": 0.25487396121025085,
  "promoted_gb": 0.0026498138904571533,
  "major_gb": 0.007895283401012421,
  "allocated_gb": 0.2601194307208061,
  "minor_collections": 131,
  "major_collections": 2,
  "compactions": 0,
  "top_heap_gb": 0.0130157470703125,
  "stack_kb": 0.3671875,
  "minor_heap_kb": 8192.0,
  "attributes_table": {
    "num_bindings": 1,
    "num_buckets": 16,
    "max_bucket_length": 1
  }
}