{
  "rtime": 1.5218589305877686,
  "utime": 1.0537,
  "stime": 0.082691,
  "cutime": 0.003781,
  "cstime": 0.00697,
  "minor_gb": 0.5738121271133423,
  "promoted_gb": 0.0048309266567230225,
  "major_gb": 0.010235145688056946,
  "allocated_gb": 0.5792163461446762,
  "minor_collections": 172,
  "major_collections": 4,
  "compactions": 1,
  "top_heap_gb": 0.0130157470703125,
  "stack_kb": 0.3671875,
  "minor_heap_kb": 8192.0,
  "attributes_table": {
    "num_bindings": 8,
    "num_buckets": 16,
    "max_bucket_length": 2
  }
}