{
  "rtime": 1.265707015991211,
  "utime": 0.702669,
  "stime": 0.058577,
  "cutime": 0.003635,
  "cstime": 0.006953,
  "minor_gb": 0.260222390294075,
  "promoted_gb": 0.0037657544016838074,
  "major_gb": 0.009030185639858246,
  "allocated_gb": 0.26548682153224945,
  "minor_collections": 132,
  "major_collections": 4,
  "compactions": 1,
  "top_heap_gb": 0.0130157470703125,
  "stack_kb": 0.3671875,
  "minor_heap_kb": 8192.0,
  "attributes_table": {
    "num_bindings": 9,
    "num_buckets": 16,
    "max_bucket_length": 4
  }
}